<?xml version="1.0" encoding="UTF-8"?>
<project-private xmlns="http://www.netbeans.org/ns/project-private/1">
    <editor-bookmarks xmlns="http://www.netbeans.org/ns/editor-bookmarks/2" lastBookmarkId="0"/>
    <open-files xmlns="http://www.netbeans.org/ns/projectui-open-files/2">
        <group>
            <file>file:/C:/Users/ACE/Documents/NetBeansProjects/Bookstore%20Management%20System/src/login.java</file>
            <file>file:/C:/Users/ACE/Documents/NetBeansProjects/Bookstore%20Management%20System/src/aboutus.java</file>
            <file>file:/C:/Users/ACE/Documents/NetBeansProjects/Bookstore%20Management%20System/src/stats.java</file>
            <file>file:/C:/Users/ACE/Documents/NetBeansProjects/Bookstore%20Management%20System/src/home.java</file>
        </group>
    </open-files>
</project-private>
